timestamp,datetime,open,high,low,close,volume
1678406400000,2023-03-10 07:00:00,1831.565,1870.031,1827.702,1867.109,141680
1678579200000,2023-03-12 07:00:00,1883.412,1894.368,1875.749,1877.746,25379
1678665600000,2023-03-13 07:00:00,1877.716,1914.577,1871.496,1912.025,197343
1678752000000,2023-03-14 07:00:00,1912.055,1914.113,1895.228,1903.064,152966
1678838400000,2023-03-15 07:00:00,1903.055,1937.287,1885.584,1921.155,196148
1678924800000,2023-03-16 07:00:00,1921.145,1933.443,1907.298,1921.294,165436
1679011200000,2023-03-17 07:00:00,1921.306,1988.311,1918.196,1988.129,151331
1679184000000,2023-03-19 07:00:00,1985.925,1988.132,1975.037,1976.936,11961
1679270400000,2023-03-20 07:00:00,1976.968,2009.668,1965.627,1976.585,191730
1679356800000,2023-03-21 07:00:00,1976.581,1985.121,1935.343,1943.106,139958
1679443200000,2023-03-22 07:00:00,1943.074,1978.802,1934.057,1969.706,172578
1679529600000,2023-03-23 07:00:00,1969.755,2003.277,1966.317,1991.324,156340
1679616000000,2023-03-24 07:00:00,1991.292,2002.989,1975.165,1978.777,158797
1679788800000,2023-03-26 07:00:00,1976.4,1976.735,1969.153,1975.691,7621
1679875200000,2023-03-27 07:00:00,1975.658,1978.691,1943.944,1958.071,122548
1679961600000,2023-03-28 07:00:00,1958.04,1975.255,1949.141,1971.898,105020
1680048000000,2023-03-29 07:00:00,1971.93,1972.854,1958.55,1963.201,94574
1680134400000,2023-03-30 07:00:00,1963.222,1984.251,1955.195,1978.386,101794
1680220800000,2023-03-31 07:00:00,1978.412,1987.544,1966.806,1969.376,103534
1680393600000,2023-04-02 07:00:00,1966.275,1967.407,1956.964,1957.027,9069
1680480000000,2023-04-03 07:00:00,1957.063,1990.476,1949.542,1984.935,111891
1680566400000,2023-04-04 07:00:00,1984.929,2024.982,1976.814,2021.748,124065
1680652800000,2023-04-05 07:00:00,2021.716,2032.046,2009.919,2020.287,116545
1680739200000,2023-04-06 07:00:00,2020.269,2020.907,2000.81,2007.761,97605
1680998400000,2023-04-09 07:00:00,1997.006,2006.495,1995.817,2005.497,5722
1681084800000,2023-04-10 07:00:00,2005.529,2005.86,1981.436,1992.389,96569
1681171200000,2023-04-11 07:00:00,1992.356,2007.41,1988.773,2004.675,84787
1681257600000,2023-04-12 07:00:00,2004.684,2028.184,2000.987,2018.149,122580
1681344000000,2023-04-13 07:00:00,2018.118,2048.597,2015.276,2039.713,108079
1681430400000,2023-04-14 07:00:00,2039.712,2047.392,1992.364,2004.252,132331
1681603200000,2023-04-16 07:00:00,2001.207,2005.006,1999.651,2002.848,5116
1681689600000,2023-04-17 07:00:00,2002.866,2014.998,1980.899,1993.906,109535
1681776000000,2023-04-18 07:00:00,1993.915,2011.823,1991.048,2005.718,97132
1681862400000,2023-04-19 07:00:00,2005.719,2008.077,1969.176,1993.616,113424
1681948800000,2023-04-20 07:00:00,1993.651,2012.347,1990.476,2005.313,109835
1682035200000,2023-04-21 07:00:00,2005.287,2005.508,1971.584,1982.886,118262
1682208000000,2023-04-23 07:00:00,1982.082,1985.343,1981.789,1984.62,3555
1682294400000,2023-04-24 07:00:00,1984.618,1996.42,1974.028,1995.016,100105
1682380800000,2023-04-25 07:00:00,1995.015,2003.83,1976.067,2000.172,128488
1682467200000,2023-04-26 07:00:00,2000.178,2009.322,1983.348,1991.647,127311
1682553600000,2023-04-27 07:00:00,1991.617,2003.246,1974.016,1986.914,121631
1682640000000,2023-04-28 07:00:00,1986.879,1994.994,1976.103,1989.376,121133
1682812800000,2023-04-30 07:00:00,1989.602,1991.877,1986.62,1986.895,4632
1682899200000,2023-05-01 07:00:00,1986.927,2005.933,1977.054,1981.373,116660
1682985600000,2023-05-02 07:00:00,1981.385,2019.31,1978.455,2015.905,122126
1683072000000,2023-05-03 07:00:00,2015.916,2079.817,2007.655,2051.957,152917
1683158400000,2023-05-04 07:00:00,2051.959,2059.537,2030.327,2049.922,166005
1683244800000,2023-05-05 07:00:00,2049.924,2052.957,1999.451,2016.65,127098
1683417600000,2023-05-07 07:00:00,2016.428,2017.281,2014.174,2016.006,4614
1683504000000,2023-05-08 07:00:00,2015.976,2029.32,2015.15,2021.237,91674
1683590400000,2023-05-09 07:00:00,2021.266,2037.561,2019.483,2036.27,93233
1683676800000,2023-05-10 07:00:00,2036.31,2048.145,2021.356,2031.436,117040
1683763200000,2023-05-11 07:00:00,2031.411,2040.788,2011.104,2016.346,131662
1683849600000,2023-05-12 07:00:00,2016.367,2022.461,2000.895,2010.912,107767
1684022400000,2023-05-14 07:00:00,2008.664,2011.957,2008.664,2009.558,3383
1684108800000,2023-05-15 07:00:00,2009.551,2022.083,2008.637,2014.4,87566
1684195200000,2023-05-16 07:00:00,2014.411,2018.279,1985.414,1989.63,108190
1684281600000,2023-05-17 07:00:00,1989.633,1992.977,1974.734,1982.717,96744
1684368000000,2023-05-18 07:00:00,1982.731,1985.973,1951.937,1958.356,102467
1684454400000,2023-05-19 07:00:00,1958.364,1984.186,1954.003,1977.703,113065
1684627200000,2023-05-21 07:00:00,1978.005,1981.48,1978.005,1980.829,3723
1684713600000,2023-05-22 07:00:00,1980.827,1982.53,1968.84,1969.784,98372
1684800000000,2023-05-23 07:00:00,1969.814,1977.739,1954.232,1975.021,114179
1684886400000,2023-05-24 07:00:00,1975.043,1985.101,1956.683,1959.752,111498
1684972800000,2023-05-25 07:00:00,1959.748,1964.711,1938.813,1940.515,119455
1685059200000,2023-05-26 07:00:00,1940.492,1957.219,1936.576,1946.834,101876
1685232000000,2023-05-28 07:00:00,1943.265,1946.248,1943.227,1943.654,4454
1685318400000,2023-05-29 07:00:00,1943.687,1949.718,1940.27,1941.683,54792
1685404800000,2023-05-30 07:00:00,1941.498,1963.479,1932.042,1958.535,104724
1685491200000,2023-05-31 07:00:00,1958.544,1974.676,1953.625,1966.244,110081
1685577600000,2023-06-01 07:00:00,1966.275,1983.049,1953.338,1977.03,106037
1685664000000,2023-06-02 07:00:00,1977.033,1983.332,1947.58,1948.029,103366
1685836800000,2023-06-04 07:00:00,1947.366,1950.096,1947.297,1949.33,4212
1685923200000,2023-06-05 07:00:00,1949.344,1964.003,1938.048,1961.224,96579
1686009600000,2023-06-06 07:00:00,1961.231,1966.376,1954.345,1963.345,92149
1686096000000,2023-06-07 07:00:00,1963.315,1970.123,1939.839,1944.436,97632
1686182400000,2023-06-08 07:00:00,1944.433,1970.507,1942.764,1965.313,94452
1686268800000,2023-06-09 07:00:00,1965.282,1972.771,1956.58,1960.64,84884
1686441600000,2023-06-11 07:00:00,1959.592,1960.497,1958.014,1959.933,3142
1686528000000,2023-06-12 07:00:00,1959.941,1966.889,1949.168,1959.94,85963
1686614400000,2023-06-13 07:00:00,1959.953,1970.599,1939.975,1943.884,104357
1686700800000,2023-06-14 07:00:00,1943.891,1960.058,1939.673,1945.188,108725
1686787200000,2023-06-15 07:00:00,1945.146,1960.194,1924.838,1958.223,110031
1686873600000,2023-06-16 07:00:00,1958.202,1967.848,1953.188,1957.441,91811
1687046400000,2023-06-18 07:00:00,1958.5,1958.561,1956.235,1957.046,3500
1687132800000,2023-06-19 07:00:00,1957.075,1958.711,1947.734,1952.197,61514
1687219200000,2023-06-20 07:00:00,1952.416,1956.727,1929.734,1937.225,99432
1687305600000,2023-06-21 07:00:00,1937.257,1939.444,1918.898,1933.838,106484
1687392000000,2023-06-22 07:00:00,1933.87,1934.198,1912.355,1914.439,96243
1687478400000,2023-06-23 07:00:00,1914.47,1937.231,1910.091,1921.192,98198
1687651200000,2023-06-25 07:00:00,1922.951,1925.402,1922.682,1925.294,4393
1687737600000,2023-06-26 07:00:00,1925.293,1933.28,1920.902,1922.485,87487
1687824000000,2023-06-27 07:00:00,1922.501,1930.639,1910.8,1915.389,89604
1687910400000,2023-06-28 07:00:00,1915.42,1917.174,1902.74,1909.681,100196
1687996800000,2023-06-29 07:00:00,1909.712,1913.047,1892.9,1908.661,97297
1688083200000,2023-06-30 07:00:00,1908.692,1922.693,1900.502,1919.333,91774
1688256000000,2023-07-02 07:00:00,1918.552,1919.584,1917.464,1918.169,3359
1688342400000,2023-07-03 07:00:00,1918.164,1930.631,1910.003,1921.181,79022
1688428800000,2023-07-04 07:00:00,1921.18,1930.645,1920.024,1926.176,55088
1688515200000,2023-07-05 07:00:00,1926.247,1934.767,1914.765,1916.772,87254
1688601600000,2023-07-06 07:00:00,1916.784,1927.548,1902.568,1911.516,102524
1688688000000,2023-07-07 07:00:00,1911.543,1934.845,1909.625,1925.339,93352
1688860800000,2023-07-09 07:00:00,1925.288,1928.14,1923.842,1924.848,4469
1688947200000,2023-07-10 07:00:00,1924.858,1926.88,1912.299,1924.821,82802
1689033600000,2023-07-11 07:00:00,1924.822,1938.404,1924.406,1933.24,81676
1689120000000,2023-07-12 07:00:00,1933.244,1959.618,1933.171,1957.713,94145
1689206400000,2023-07-13 07:00:00,1957.714,1963.302,1952.294,1960.134,92871
1689292800000,2023-07-14 07:00:00,1960.124,1963.671,1950.661,1955.224,88693
1689465600000,2023-07-16 07:00:00,1954.975,1954.975,1951.354,1953.281,4158
1689552000000,2023-07-17 07:00:00,1953.281,1959.801,1945.753,1955.398,81285
1689638400000,2023-07-18 07:00:00,1955.396,1984.251,1954.677,1977.481,102378
1689724800000,2023-07-19 07:00:00,1977.464,1980.859,1969.742,1977.683,83629
1689811200000,2023-07-20 07:00:00,1977.661,1987.421,1965.32,1972.197,90618
1689897600000,2023-07-21 07:00:00,1972.227,1973.735,1956.605,1961.851,82618
1690070400000,2023-07-23 07:00:00,1962.228,1962.882,1960.351,1961.177,2975
1690156800000,2023-07-24 07:00:00,1961.172,1967.805,1953.174,1954.393,85842
1690243200000,2023-07-25 07:00:00,1954.394,1966.193,1951.987,1965.284,82966
1690329600000,2023-07-26 07:00:00,1965.283,1978.243,1961.962,1972.009,94558
1690416000000,2023-07-27 07:00:00,1972.012,1982.133,1942.018,1947.443,107134
1690502400000,2023-07-28 07:00:00,1947.411,1963.46,1946.054,1959.184,106930
1690675200000,2023-07-30 07:00:00,1959.875,1960.47,1957.373,1958.07,3962
1690761600000,2023-07-31 07:00:00,1958.054,1972.326,1950.718,1963.907,82684
1690848000000,2023-08-01 07:00:00,1963.876,1964.628,1941.209,1952.146,91700
1690934400000,2023-08-02 07:00:00,1952.14,1954.752,1932.864,1936.0,90755
1691020800000,2023-08-03 07:00:00,1936.025,1938.822,1929.496,1935.774,92183
1691107200000,2023-08-04 07:00:00,1935.747,1946.752,1925.221,1942.483,88425
1691280000000,2023-08-06 07:00:00,1942.559,1946.648,1942.415,1943.79,4376
1691366400000,2023-08-07 07:00:00,1943.785,1945.267,1931.462,1936.732,71969
1691452800000,2023-08-08 07:00:00,1936.763,1937.305,1922.708,1925.569,80952
1691539200000,2023-08-09 07:00:00,1925.574,1932.204,1914.027,1916.688,74599
1691625600000,2023-08-10 07:00:00,1916.688,1929.986,1910.558,1912.358,90707
1691712000000,2023-08-11 07:00:00,1912.358,1920.882,1911.858,1913.786,72546
1691884800000,2023-08-13 07:00:00,1913.666,1915.181,1912.345,1913.62,3311
1691971200000,2023-08-14 07:00:00,1913.62,1916.156,1902.465,1907.557,77695
1692057600000,2023-08-15 07:00:00,1907.567,1911.563,1896.208,1901.419,89220
1692144000000,2023-08-16 07:00:00,1901.412,1907.146,1891.67,1893.295,78610
1692230400000,2023-08-17 07:00:00,1893.298,1903.413,1884.996,1891.227,81670
1692316800000,2023-08-18 07:00:00,1891.231,1896.549,1886.724,1889.529,71951
1692489600000,2023-08-20 07:00:00,1889.357,1890.823,1888.8,1889.919,3176
1692576000000,2023-08-21 07:00:00,1889.934,1898.65,1884.547,1894.664,79727
1692662400000,2023-08-22 07:00:00,1894.674,1904.41,1889.054,1898.478,73999
1692748800000,2023-08-23 07:00:00,1898.476,1920.292,1898.432,1917.849,82488
1692835200000,2023-08-24 07:00:00,1917.82,1923.147,1911.754,1915.847,75291
1692921600000,2023-08-25 07:00:00,1915.845,1922.208,1903.541,1914.321,80414
1693094400000,2023-08-27 07:00:00,1915.974,1916.068,1914.322,1915.028,3309
1693180800000,2023-08-28 07:00:00,1915.029,1925.991,1912.694,1921.186,63478
1693267200000,2023-08-29 07:00:00,1921.199,1938.12,1914.407,1936.168,74860
1693353600000,2023-08-30 07:00:00,1936.176,1949.006,1934.94,1944.185,75654
1693440000000,2023-08-31 07:00:00,1944.195,1947.72,1939.033,1939.824,71080
1693526400000,2023-09-01 07:00:00,1939.828,1952.801,1934.334,1939.704,77951
1693699200000,2023-09-03 07:00:00,1939.987,1941.0,1939.406,1940.558,2143
1693785600000,2023-09-04 07:00:00,1940.537,1946.232,1936.688,1937.659,46359
1693872000000,2023-09-05 07:00:00,1937.551,1938.927,1925.272,1926.559,72886
1693958400000,2023-09-06 07:00:00,1926.569,1929.097,1915.243,1917.091,72850
1694044800000,2023-09-07 07:00:00,1917.086,1923.521,1916.163,1920.247,65702
1694131200000,2023-09-08 07:00:00,1920.255,1929.639,1917.247,1918.973,108570
1694304000000,2023-09-10 07:00:00,1919.621,1919.653,1916.576,1918.801,4001
1694390400000,2023-09-11 07:00:00,1918.795,1930.47,1918.316,1921.627,71025
1694476800000,2023-09-12 07:00:00,1921.59,1924.447,1907.352,1912.858,69617
1694563200000,2023-09-13 07:00:00,1912.857,1915.696,1905.465,1909.176,79590
1694649600000,2023-09-14 07:00:00,1909.169,1912.856,1900.968,1909.735,82533
1694736000000,2023-09-15 07:00:00,1909.766,1930.372,1909.766,1923.831,75302
1694908800000,2023-09-17 07:00:00,1924.077,1924.53,1922.547,1923.227,2713
1694995200000,2023-09-18 07:00:00,1923.227,1934.453,1922.773,1934.04,67187
1695081600000,2023-09-19 07:00:00,1934.061,1937.345,1929.723,1931.319,61547
1695168000000,2023-09-20 07:00:00,1931.317,1947.361,1927.837,1929.424,82829
1695254400000,2023-09-21 07:00:00,1929.428,1930.451,1913.841,1921.353,82598
1695340800000,2023-09-22 07:00:00,1921.361,1929.046,1921.19,1925.231,66563
1695513600000,2023-09-24 07:00:00,1926.118,1926.294,1924.402,1924.729,3126
1695600000000,2023-09-25 07:00:00,1924.73,1927.147,1915.084,1916.207,68778
1695686400000,2023-09-26 07:00:00,1916.209,1916.447,1899.103,1901.529,71469
1695772800000,2023-09-27 07:00:00,1901.524,1903.712,1872.507,1877.562,79474
1695859200000,2023-09-28 07:00:00,1877.583,1879.49,1857.644,1866.7,87839
1695945600000,2023-09-29 07:00:00,1866.695,1879.801,1846.282,1848.796,88172
1696118400000,2023-10-01 07:00:00,1847.284,1848.678,1845.687,1848.314,4066
1696204800000,2023-10-02 07:00:00,1848.314,1848.885,1820.404,1824.944,91696
1696291200000,2023-10-03 07:00:00,1824.919,1833.344,1815.218,1823.303,112741
1696377600000,2023-10-04 07:00:00,1823.303,1830.542,1816.556,1822.524,104118
1696464000000,2023-10-05 07:00:00,1822.472,1829.173,1812.994,1821.272,86949
1696550400000,2023-10-06 07:00:00,1821.272,1834.832,1810.402,1831.9,96655
1696723200000,2023-10-08 07:00:00,1853.39,1854.643,1845.525,1847.965,10973
1696809600000,2023-10-09 07:00:00,1847.992,1863.416,1844.161,1862.536,84496
1696896000000,2023-10-10 07:00:00,1862.582,1865.278,1852.97,1859.647,88395
1696982400000,2023-10-11 07:00:00,1859.633,1877.152,1858.59,1875.25,85910
1697068800000,2023-10-12 07:00:00,1875.251,1884.918,1867.883,1870.555,86449
1697155200000,2023-10-13 07:00:00,1870.546,1932.593,1870.055,1932.217,101880
1697328000000,2023-10-15 07:00:00,1927.521,1927.521,1921.177,1925.836,7670
1697414400000,2023-10-16 07:00:00,1925.842,1925.927,1908.144,1919.386,92375
1697500800000,2023-10-17 07:00:00,1919.382,1931.523,1912.343,1924.689,92899
1697587200000,2023-10-18 07:00:00,1924.689,1962.562,1923.755,1950.842,108623
1697673600000,2023-10-19 07:00:00,1950.783,1982.396,1945.057,1977.138,116084
1697760000000,2023-10-20 07:00:00,1977.172,1997.115,1971.974,1980.751,113238
1697932800000,2023-10-22 07:00:00,1972.732,1978.529,1970.062,1971.544,6190
1698019200000,2023-10-23 07:00:00,1971.505,1982.746,1964.308,1973.557,102780
1698105600000,2023-10-24 07:00:00,1973.555,1980.836,1953.444,1972.825,101127
1698192000000,2023-10-25 07:00:00,1972.826,1987.207,1962.998,1982.923,108492
1698278400000,2023-10-26 07:00:00,1982.941,1993.389,1971.735,1984.379,101346
1698364800000,2023-10-27 07:00:00,1984.378,2009.327,1976.817,2006.048,100587
1698537600000,2023-10-29 07:00:00,2002.954,2004.776,1996.868,2002.656,9368
1698624000000,2023-10-30 07:00:00,2002.684,2006.732,1990.976,1995.492,94987
1698710400000,2023-10-31 07:00:00,1995.509,2007.849,1978.806,1983.668,101440
1698796800000,2023-11-01 07:00:00,1983.67,1992.565,1969.83,1985.01,107150
1698883200000,2023-11-02 07:00:00,1984.989,1990.926,1978.79,1984.965,85335
1698969600000,2023-11-03 07:00:00,1984.956,2004.003,1983.221,1992.517,95322
1699142400000,2023-11-05 07:00:00,1991.419,1991.579,1987.146,1988.47,2475
1699228800000,2023-11-06 07:00:00,1988.474,1993.042,1975.737,1976.681,83451
1699315200000,2023-11-07 07:00:00,1976.653,1977.001,1956.655,1968.903,89557
1699401600000,2023-11-08 07:00:00,1968.908,1970.996,1947.335,1950.813,88948
1699488000000,2023-11-09 07:00:00,1950.815,1965.718,1944.498,1959.058,97838
1699574400000,2023-11-10 07:00:00,1959.06,1960.713,1932.898,1938.354,85516
1699747200000,2023-11-12 07:00:00,1941.002,1941.299,1921.37,1940.343,2180
1699833600000,2023-11-13 07:00:00,1940.374,1949.187,1931.604,1946.399,79730
1699920000000,2023-11-14 07:00:00,1946.418,1970.954,1937.494,1962.493,90767
1700006400000,2023-11-15 07:00:00,1962.487,1975.292,1955.428,1960.328,90349
1700092800000,2023-11-16 07:00:00,1960.333,1987.94,1956.42,1982.671,86906
1700179200000,2023-11-17 07:00:00,1982.649,1993.421,1978.514,1980.631,85055
1700352000000,2023-11-19 07:00:00,1977.456,1978.727,1974.119,1974.471,2467
1700438400000,2023-11-20 07:00:00,1974.58,1985.12,1965.418,1981.169,95970
1700524800000,2023-11-21 07:00:00,1981.155,2007.497,1980.712,1999.339,102339
1700611200000,2023-11-22 07:00:00,1999.338,2006.422,1986.85,1990.506,88601
1700697600000,2023-11-23 07:00:00,1990.515,1998.553,1989.762,1993.981,58379
1700784000000,2023-11-24 07:00:00,1994.072,2003.606,1991.482,2002.207,69500
1700956800000,2023-11-26 07:00:00,2000.891,2002.982,2000.483,2002.25,2341
1701043200000,2023-11-27 07:00:00,2002.364,2018.187,2001.814,2015.215,99766
1701129600000,2023-11-28 07:00:00,2015.217,2044.573,2011.335,2044.404,94640
1701216000000,2023-11-29 07:00:00,2044.426,2052.027,2035.228,2044.642,109497
1701302400000,2023-11-30 07:00:00,2044.64,2047.265,2031.252,2039.918,101591
1701388800000,2023-12-01 07:00:00,2040.075,2075.277,2033.848,2071.613,107828
1701561600000,2023-12-03 07:00:00,2074.341,2144.501,2071.646,2117.509,17161
1701648000000,2023-12-04 07:00:00,2117.934,2120.648,2019.986,2034.088,538853
1701734400000,2023-12-05 07:00:00,2033.93,2041.172,2009.744,2018.903,134480
1701820800000,2023-12-06 07:00:00,2018.904,2035.915,2018.684,2027.006,111151
1701907200000,2023-12-07 07:00:00,2026.977,2039.894,2020.091,2027.916,109576
1701993600000,2023-12-08 07:00:00,2028.063,2034.014,1994.547,2004.338,127474
1702166400000,2023-12-10 07:00:00,2005.584,2007.648,2004.562,2007.054,3158
1702252800000,2023-12-11 07:00:00,2006.993,2007.807,1975.839,1982.961,106066
1702339200000,2023-12-12 07:00:00,1982.952,1996.709,1977.124,1982.453,104524
1702425600000,2023-12-13 07:00:00,1982.452,2033.13,1973.033,2032.814,123710
1702512000000,2023-12-14 07:00:00,2032.855,2047.909,2027.375,2035.553,145135
1702598400000,2023-12-15 07:00:00,2035.521,2044.909,2015.542,2019.491,116225
1702771200000,2023-12-17 07:00:00,2019.802,2020.102,2015.893,2017.415,3345
1702857600000,2023-12-18 07:00:00,2017.414,2033.692,2016.067,2027.604,96924
1702944000000,2023-12-19 07:00:00,2027.568,2046.969,2021.696,2040.93,98182
1703030400000,2023-12-20 07:00:00,2040.862,2043.452,2027.383,2032.127,95396
1703116800000,2023-12-21 07:00:00,2032.103,2055.01,2031.904,2052.779,98528
1703203200000,2023-12-22 07:00:00,2052.787,2070.612,2046.755,2053.095,106393
1703462400000,2023-12-25 07:00:00,2057.319,2057.454,2053.147,2054.471,1463
1703548800000,2023-12-26 07:00:00,2054.832,2069.052,2053.317,2065.53,59346
1703635200000,2023-12-27 07:00:00,2066.173,2084.424,2061.464,2079.169,88926
1703721600000,2023-12-28 07:00:00,2079.503,2088.447,2064.456,2066.564,100171
1703808000000,2023-12-29 07:00:00,2066.742,2074.727,2058.123,2062.838,93969
1704067200000,2024-01-01 07:00:00,2064.593,2066.002,2062.633,2063.543,2009
1704153600000,2024-01-02 07:00:00,2063.608,2078.877,2056.099,2059.476,101762
1704240000000,2024-01-03 07:00:00,2059.578,2065.974,2030.537,2042.666,121014
1704326400000,2024-01-04 07:00:00,2042.927,2050.971,2036.178,2043.865,97279
1704412800000,2024-01-05 07:00:00,2044.187,2063.993,2024.389,2045.474,128662
1704585600000,2024-01-07 07:00:00,2044.635,2045.574,2042.912,2044.207,2606
1704672000000,2024-01-08 07:00:00,2044.212,2046.581,2016.627,2030.438,111838
1704758400000,2024-01-09 07:00:00,2030.409,2041.974,2026.015,2030.401,106788
1704844800000,2024-01-10 07:00:00,2030.403,2040.3,2020.353,2026.358,102689
1704931200000,2024-01-11 07:00:00,2026.413,2048.205,2013.209,2034.954,135037
1705017600000,2024-01-12 07:00:00,2035.012,2062.284,2030.026,2049.032,119593
1705190400000,2024-01-14 07:00:00,2048.13,2048.705,2046.294,2047.586,2671
1705276800000,2024-01-15 07:00:00,2047.652,2058.626,2045.752,2053.836,73444
1705363200000,2024-01-16 07:00:00,2053.997,2054.508,2024.186,2027.828,127468
1705449600000,2024-01-17 07:00:00,2028.101,2032.935,2001.763,2009.247,121661
1705536000000,2024-01-18 07:00:00,2009.264,2024.229,2005.717,2023.423,104442
1705622400000,2024-01-19 07:00:00,2023.793,2039.258,2020.307,2029.452,91642
1705795200000,2024-01-21 07:00:00,2028.529,2028.562,2026.843,2027.505,2803
1705881600000,2024-01-22 07:00:00,2027.49,2032.074,2016.403,2020.552,95482
1705968000000,2024-01-23 07:00:00,2020.71,2037.899,2019.559,2029.137,95589
1706054400000,2024-01-24 07:00:00,2029.27,2036.593,2011.138,2016.101,105301
1706140800000,2024-01-25 07:00:00,2016.247,2025.23,2009.392,2020.248,104827
1706227200000,2024-01-26 07:00:00,2020.356,2026.814,2015.867,2018.469,84365
1706400000000,2024-01-28 07:00:00,2023.424,2028.614,2021.186,2021.831,5029
1706486400000,2024-01-29 07:00:00,2021.832,2037.561,2019.282,2030.73,90087
1706572800000,2024-01-30 07:00:00,2030.962,2048.558,2029.029,2036.234,98658
1706659200000,2024-01-31 07:00:00,2036.4,2055.979,2030.808,2039.786,126361
1706745600000,2024-02-01 07:00:00,2039.897,2065.458,2029.913,2054.624,120531
1706832000000,2024-02-02 07:00:00,2054.631,2057.623,2027.741,2039.609,109048
1707004800000,2024-02-04 07:00:00,2041.781,2042.213,2039.061,2039.715,3232
1707091200000,2024-02-05 07:00:00,2039.299,2039.819,2014.818,2024.86,98439
1707177600000,2024-02-06 07:00:00,2024.809,2038.88,2022.802,2035.069,90031
1707264000000,2024-02-07 07:00:00,2035.25,2044.517,2030.519,2036.228,84006
1707350400000,2024-02-08 07:00:00,2036.46,2038.687,2020.126,2034.124,89744
1707436800000,2024-02-09 07:00:00,2034.147,2037.174,2020.233,2024.192,82408
1707609600000,2024-02-11 07:00:00,2026.346,2026.706,2024.393,2025.266,2166
1707696000000,2024-02-12 07:00:00,2025.416,2027.565,2011.846,2018.65,77601
1707782400000,2024-02-13 07:00:00,2018.601,2032.799,1989.965,1991.193,99017
1707868800000,2024-02-14 07:00:00,1991.332,1996.041,1984.121,1993.452,91544
1707955200000,2024-02-15 07:00:00,1993.441,2008.224,1990.171,2003.155,87928
1708041600000,2024-02-16 07:00:00,2003.095,2015.125,1995.058,2013.269,89568
1708214400000,2024-02-18 07:00:00,2012.706,2019.066,1997.784,2010.604,4247
1708300800000,2024-02-19 07:00:00,2012.793,2022.957,2009.184,2016.206,63442
1708387200000,2024-02-20 07:00:00,2016.151,2030.814,2014.956,2024.128,80374
1708473600000,2024-02-21 07:00:00,2024.183,2032.227,2020.006,2025.566,82595
1708560000000,2024-02-22 07:00:00,2025.714,2034.833,2019.547,2024.681,88979
1708646400000,2024-02-23 07:00:00,2024.765,2041.348,2015.981,2035.524,84940
1708819200000,2024-02-25 07:00:00,2033.24,2034.939,2033.178,2034.224,2092
1708905600000,2024-02-26 07:00:00,2033.996,2037.014,2024.999,2031.073,80091
1708992000000,2024-02-27 07:00:00,2030.986,2039.471,2028.687,2030.09,76597
1709078400000,2024-02-28 07:00:00,2030.103,2037.897,2024.467,2034.303,77576
1709164800000,2024-02-29 07:00:00,2034.648,2050.657,2028.061,2043.981,88735
1709251200000,2024-03-01 07:00:00,2044.228,2088.309,2039.039,2083.315,98796
1709424000000,2024-03-03 07:00:00,2082.522,2086.155,2082.522,2083.44,2896
1709510400000,2024-03-04 07:00:00,2083.593,2119.884,2079.418,2114.48,99752
1709596800000,2024-03-05 07:00:00,2114.537,2141.881,2110.401,2128.16,124610
1709683200000,2024-03-06 07:00:00,2127.982,2152.234,2123.607,2147.192,119548
1709769600000,2024-03-07 07:00:00,2146.851,2164.753,2144.185,2161.478,123589
1709856000000,2024-03-08 07:00:00,2161.845,2195.115,2153.945,2178.502,138641
1710028800000,2024-03-10 07:00:00,2179.559,2183.827,2177.113,2182.226,5670
1710115200000,2024-03-11 07:00:00,2181.59,2189.01,2174.633,2183.552,102880
1710201600000,2024-03-12 07:00:00,2183.551,2184.48,2150.484,2156.913,130770
1710288000000,2024-03-13 07:00:00,2156.907,2179.804,2156.535,2175.362,102050
1710374400000,2024-03-14 07:00:00,2175.448,2176.968,2152.696,2161.62,105759
1710460800000,2024-03-15 07:00:00,2161.697,2172.743,2155.094,2155.698,95370
1710633600000,2024-03-17 07:00:00,2153.279,2156.535,2153.079,2156.514,5009
1710720000000,2024-03-18 07:00:00,2156.472,2163.613,2146.066,2161.65,93248
1710806400000,2024-03-19 07:00:00,2162.053,2162.839,2147.147,2157.009,97014
1710892800000,2024-03-20 07:00:00,2157.052,2211.005,2149.562,2203.501,130504
1710979200000,2024-03-21 07:00:00,2203.97,2212.563,2166.279,2181.491,142049
1711065600000,2024-03-22 07:00:00,2181.676,2186.043,2157.007,2165.348,111964
1711238400000,2024-03-24 07:00:00,2166.313,2168.893,2165.07,2168.332,5574
1711324800000,2024-03-25 07:00:00,2168.311,2181.256,2163.412,2172.881,102973
1711411200000,2024-03-26 07:00:00,2172.885,2200.059,2167.545,2179.467,109380
1711497600000,2024-03-27 07:00:00,2179.463,2197.586,2173.105,2190.968,107828
1711584000000,2024-03-28 07:00:00,2190.723,2236.293,2187.319,2232.586,123738
1711843200000,2024-03-31 07:00:00,2239.784,2247.301,2235.568,2244.927,10518
1711929600000,2024-04-01 07:00:00,2245.957,2265.623,2228.457,2248.942,129145
1712016000000,2024-04-02 07:00:00,2248.968,2288.236,2246.636,2280.206,151383
1712102400000,2024-04-03 07:00:00,2279.886,2302.417,2265.367,2297.446,153631
1712188800000,2024-04-04 07:00:00,2297.497,2305.537,2279.817,2288.89,143559
1712275200000,2024-04-05 07:00:00,2288.701,2330.526,2267.75,2329.355,173523
1712448000000,2024-04-07 07:00:00,2327.315,2328.568,2304.018,2311.647,19544
1712534400000,2024-04-08 07:00:00,2311.297,2354.159,2302.862,2338.79,231622
1712620800000,2024-04-09 07:00:00,2338.782,2365.338,2337.777,2354.778,184571
1712707200000,2024-04-10 07:00:00,2354.794,2360.086,2319.238,2335.429,228473
1712793600000,2024-04-11 07:00:00,2335.489,2379.373,2325.593,2377.001,179264
1712880000000,2024-04-12 07:00:00,2376.787,2431.527,2333.783,2344.382,306373
1713052800000,2024-04-14 07:00:00,2369.105,2371.92,2346.783,2364.486,11671
1713139200000,2024-04-15 07:00:00,2364.665,2392.013,2324.114,2381.833,250827
1713225600000,2024-04-16 07:00:00,2381.896,2398.252,2362.964,2382.843,237651
1713312000000,2024-04-17 07:00:00,2382.703,2395.586,2354.546,2367.838,195247
1713398400000,2024-04-18 07:00:00,2367.837,2392.799,2364.047,2380.004,168182
1713484800000,2024-04-19 07:00:00,2379.867,2417.905,2372.761,2390.677,255857
1713657600000,2024-04-21 07:00:00,2384.011,2388.596,2381.878,2386.483,9800
1713744000000,2024-04-22 07:00:00,2386.506,2386.506,2324.497,2333.737,189233
1713830400000,2024-04-23 07:00:00,2333.712,2334.377,2291.321,2323.21,218581
1713916800000,2024-04-24 07:00:00,2323.227,2337.29,2311.699,2316.219,155222
1714003200000,2024-04-25 07:00:00,2316.223,2344.872,2304.834,2330.62,174688
1714089600000,2024-04-26 07:00:00,2330.617,2352.555,2326.212,2337.792,141936
1714262400000,2024-04-28 07:00:00,2333.884,2336.825,2332.476,2335.987,6409
1714348800000,2024-04-29 07:00:00,2335.937,2346.718,2319.735,2333.173,153965
1714435200000,2024-04-30 07:00:00,2333.178,2336.113,2284.967,2291.244,156825
1714521600000,2024-05-01 07:00:00,2291.256,2328.284,2281.557,2323.809,179372
1714608000000,2024-05-02 07:00:00,2323.848,2326.492,2285.423,2304.247,147909
1714694400000,2024-05-03 07:00:00,2304.243,2320.712,2277.089,2301.626,171693
1714867200000,2024-05-05 07:00:00,2302.321,2303.288,2293.26,2293.968,7225
1714953600000,2024-05-06 07:00:00,2293.929,2332.092,2291.769,2325.943,149491
1715040000000,2024-05-07 07:00:00,2325.95,2329.926,2309.895,2315.211,117428
1715126400000,2024-05-08 07:00:00,2315.254,2321.336,2303.584,2308.734,124696
1715212800000,2024-05-09 07:00:00,2308.774,2348.325,2306.479,2346.524,132440
1715299200000,2024-05-10 07:00:00,2346.557,2378.476,2345.924,2360.449,146811
1715472000000,2024-05-12 07:00:00,2361.401,2363.087,2359.715,2360.407,5306
1715558400000,2024-05-13 07:00:00,2360.447,2364.488,2332.065,2338.408,129060
1715644800000,2024-05-14 07:00:00,2338.39,2359.593,2334.734,2355.774,132005
1715731200000,2024-05-15 07:00:00,2355.77,2391.91,2351.746,2391.769,159083
1715817600000,2024-05-16 07:00:00,2391.764,2397.343,2370.885,2377.726,139681
1715904000000,2024-05-17 07:00:00,2377.722,2422.741,2373.934,2413.939,137776
1716076800000,2024-05-19 07:00:00,2425.202,2425.202,2416.739,2420.193,10238
1716163200000,2024-05-20 07:00:00,2420.204,2450.026,2407.278,2426.133,208301
1716249600000,2024-05-21 07:00:00,2426.135,2433.944,2406.058,2421.654,171796
1716336000000,2024-05-22 07:00:00,2421.659,2426.533,2374.942,2382.124,169939
1716422400000,2024-05-23 07:00:00,2382.156,2383.692,2326.865,2332.012,192035
1716508800000,2024-05-24 07:00:00,2332.015,2347.385,2325.351,2333.782,122426
1716681600000,2024-05-26 07:00:00,2335.785,2340.683,2332.184,2337.175,6779
1716768000000,2024-05-27 07:00:00,2337.188,2358.449,2334.36,2352.371,95305
1716854400000,2024-05-28 07:00:00,2352.411,2364.082,2340.234,2359.685,146061
1716940800000,2024-05-29 07:00:00,2359.648,2361.325,2334.508,2338.364,130927
1717027200000,2024-05-30 07:00:00,2338.378,2351.847,2322.549,2343.907,155639
1717113600000,2024-05-31 07:00:00,2343.921,2359.695,2320.525,2327.192,154275
1717286400000,2024-06-02 07:00:00,2328.496,2328.774,2323.334,2325.937,6638
1717372800000,2024-06-03 07:00:00,2325.967,2354.73,2314.692,2350.629,144187
1717459200000,2024-06-04 07:00:00,2350.641,2352.798,2315.515,2328.785,147754
1717545600000,2024-06-05 07:00:00,2328.791,2357.389,2325.857,2355.011,136581
1717632000000,2024-06-06 07:00:00,2355.01,2378.511,2353.361,2376.73,138116
1717718400000,2024-06-07 07:00:00,2376.735,2387.702,2286.723,2293.798,196980
1717891200000,2024-06-09 07:00:00,2290.432,2300.041,2290.377,2298.479,7156
1717977600000,2024-06-10 07:00:00,2298.529,2313.766,2287.7,2309.93,120070
1718064000000,2024-06-11 07:00:00,2309.925,2319.95,2297.647,2315.071,132104
1718150400000,2024-06-12 07:00:00,2315.056,2341.629,2310.705,2320.555,172830
1718236800000,2024-06-13 07:00:00,2320.57,2326.755,2295.463,2302.335,146333
1718323200000,2024-06-14 07:00:00,2302.379,2336.559,2301.503,2332.825,127589
1718496000000,2024-06-16 07:00:00,2331.087,2331.486,2327.412,2328.873,4387
1718582400000,2024-06-17 07:00:00,2328.918,2328.948,2309.971,2320.645,110371
1718668800000,2024-06-18 07:00:00,2320.634,2333.087,2306.533,2328.254,120331
1718755200000,2024-06-19 07:00:00,2328.274,2334.964,2323.68,2329.342,73392
1718841600000,2024-06-20 07:00:00,2329.361,2365.486,2327.74,2360.745,127664
1718928000000,2024-06-21 07:00:00,2360.764,2368.743,2316.696,2321.501,135717
1719100800000,2024-06-23 07:00:00,2321.11,2322.193,2317.688,2319.185,5113
1719187200000,2024-06-24 07:00:00,2319.175,2334.63,2317.852,2330.877,110328
1719273600000,2024-06-25 07:00:00,2330.871,2337.091,2315.436,2320.027,117241
1719360000000,2024-06-26 07:00:00,2319.979,2323.897,2293.559,2298.402,129788
1719446400000,2024-06-27 07:00:00,2298.412,2330.936,2296.429,2327.72,116462
1719532800000,2024-06-28 07:00:00,2327.665,2339.809,2319.01,2326.638,115833
1719705600000,2024-06-30 07:00:00,2322.849,2326.157,2322.84,2324.93,4739
1719792000000,2024-07-01 07:00:00,2324.952,2338.483,2318.438,2332.222,114722
1719878400000,2024-07-02 07:00:00,2332.216,2336.763,2319.004,2330.18,112241
1719964800000,2024-07-03 07:00:00,2330.177,2364.926,2326.782,2358.699,118682
1720051200000,2024-07-04 07:00:00,2358.721,2362.537,2350.342,2356.721,72100
1720137600000,2024-07-05 07:00:00,2356.753,2392.941,2344.509,2391.567,127623
1720310400000,2024-07-07 07:00:00,2389.583,2390.178,2384.766,2386.122,5374
1720396800000,2024-07-08 07:00:00,2386.067,2391.09,2350.975,2361.711,122311
1720483200000,2024-07-09 07:00:00,2361.74,2371.583,2349.345,2364.965,122272
1720569600000,2024-07-10 07:00:00,2364.944,2386.67,2363.302,2372.852,102133
1720656000000,2024-07-11 07:00:00,2372.834,2424.538,2371.403,2415.851,157283
1720742400000,2024-07-12 07:00:00,2415.855,2418.233,2391.364,2411.399,121939
1720915200000,2024-07-14 07:00:00,2411.336,2412.245,2405.666,2408.653,6528
1721001600000,2024-07-15 07:00:00,2408.657,2439.771,2401.306,2422.494,131927
1721088000000,2024-07-16 07:00:00,2422.483,2469.967,2419.914,2468.278,147820
1721174400000,2024-07-17 07:00:00,2468.268,2483.739,2451.407,2461.296,180644
1721260800000,2024-07-18 07:00:00,2461.334,2474.966,2440.226,2441.25,145194
1721347200000,2024-07-19 07:00:00,2441.292,2441.343,2393.756,2400.45,172524
1721520000000,2024-07-21 07:00:00,2403.682,2411.931,2402.487,2411.528,7282
1721606400000,2024-07-22 07:00:00,2411.496,2412.157,2383.797,2395.783,141523
1721692800000,2024-07-23 07:00:00,2395.75,2412.001,2388.225,2408.513,129755
1721779200000,2024-07-24 07:00:00,2408.558,2431.954,2393.033,2398.669,151667
1721865600000,2024-07-25 07:00:00,2398.72,2399.985,2353.086,2363.801,219931
1721952000000,2024-07-26 07:00:00,2363.849,2390.799,2355.842,2387.114,141966
1722124800000,2024-07-28 07:00:00,2387.944,2403.155,2387.857,2397.006,11177
1722211200000,2024-07-29 07:00:00,2397.045,2402.485,2369.523,2381.143,146831
1722297600000,2024-07-30 07:00:00,2381.186,2412.799,2376.471,2409.807,149936
1722384000000,2024-07-31 07:00:00,2409.81,2450.968,2403.876,2445.743,174581
1722470400000,2024-08-01 07:00:00,2445.725,2462.291,2430.192,2445.844,204243
1722556800000,2024-08-02 07:00:00,2445.886,2477.722,2410.794,2441.892,265706
1722729600000,2024-08-04 07:00:00,2441.007,2446.342,2437.915,2440.952,13305
1722816000000,2024-08-05 07:00:00,2440.984,2458.836,2364.267,2404.837,361803
1722902400000,2024-08-06 07:00:00,2404.865,2418.307,2381.404,2383.778,233489
1722988800000,2024-08-07 07:00:00,2383.724,2407.09,2378.941,2384.791,182687
1723075200000,2024-08-08 07:00:00,2384.835,2427.818,2383.263,2424.589,181578
1723161600000,2024-08-09 07:00:00,2424.519,2437.011,2416.829,2430.805,149094
1723334400000,2024-08-11 07:00:00,2428.36,2433.234,2427.247,2427.927,6498
1723420800000,2024-08-12 07:00:00,2427.928,2476.033,2423.825,2475.536,135005
1723507200000,2024-08-13 07:00:00,2475.58,2476.963,2458.493,2464.06,143320
1723593600000,2024-08-14 07:00:00,2464.104,2480.064,2437.995,2449.408,170195
1723680000000,2024-08-15 07:00:00,2449.396,2470.095,2432.094,2457.303,165089
1723766400000,2024-08-16 07:00:00,2457.309,2509.783,2450.714,2507.82,161762
1723939200000,2024-08-18 07:00:00,2506.304,2506.778,2502.271,2506.45,7370
1724025600000,2024-08-19 07:00:00,2506.439,2507.482,2485.615,2503.544,149283
1724112000000,2024-08-20 07:00:00,2503.554,2531.668,2497.256,2512.964,163287
1724198400000,2024-08-21 07:00:00,2512.976,2519.942,2493.672,2512.684,157467
1724284800000,2024-08-22 07:00:00,2512.732,2514.701,2470.801,2487.564,160070
1724371200000,2024-08-23 07:00:00,2487.574,2518.35,2486.435,2512.357,157912
1724544000000,2024-08-25 07:00:00,2512.067,2516.683,2511.076,2515.903,7429
1724630400000,2024-08-26 07:00:00,2515.89,2527.009,2508.646,2515.512,146735
1724716800000,2024-08-27 07:00:00,2515.477,2529.062,2503.462,2525.269,155056
1724803200000,2024-08-28 07:00:00,2525.223,2525.825,2493.498,2508.11,154083
1724889600000,2024-08-29 07:00:00,2508.08,2528.669,2503.558,2519.613,154809
1724976000000,2024-08-30 07:00:00,2519.6,2526.914,2494.086,2503.342,167434
1725148800000,2024-09-01 07:00:00,2502.485,2504.755,2501.942,2502.98,5463
1725235200000,2024-09-02 07:00:00,2502.983,2507.334,2489.977,2497.242,100380
1725321600000,2024-09-03 07:00:00,2497.247,2506.249,2473.282,2493.223,190314
1725408000000,2024-09-04 07:00:00,2493.2,2500.3,2471.868,2495.829,165895
1725494400000,2024-09-05 07:00:00,2495.827,2523.574,2493.759,2517.282,168841
1725580800000,2024-09-06 07:00:00,2517.277,2529.204,2485.007,2497.524,235306
1725753600000,2024-09-08 07:00:00,2497.037,2498.277,2495.492,2496.869,6143
1725840000000,2024-09-09 07:00:00,2496.871,2507.701,2485.503,2506.813,161086
1725926400000,2024-09-10 07:00:00,2506.815,2518.868,2500.052,2518.678,148983
1726012800000,2024-09-11 07:00:00,2518.638,2529.06,2500.844,2511.901,192895
1726099200000,2024-09-12 07:00:00,2511.824,2560.091,2510.973,2558.422,193583
1726185600000,2024-09-13 07:00:00,2558.419,2586.12,2556.78,2579.067,173175
1726358400000,2024-09-15 07:00:00,2578.456,2580.454,2577.543,2579.163,7289
1726444800000,2024-09-16 07:00:00,2579.17,2589.651,2575.285,2583.659,139508
1726531200000,2024-09-17 07:00:00,2583.654,2586.956,2560.661,2574.05,165082
1726617600000,2024-09-18 07:00:00,2574.019,2600.138,2546.828,2559.239,254200
1726704000000,2024-09-19 07:00:00,2559.239,2594.963,2550.894,2587.282,209258
1726790400000,2024-09-20 07:00:00,2587.253,2625.754,2584.714,2622.098,185586
1726963200000,2024-09-22 07:00:00,2620.944,2622.125,2619.652,2620.234,5584
1727049600000,2024-09-23 07:00:00,2620.202,2634.881,2613.799,2626.3,162094
1727136000000,2024-09-24 07:00:00,2626.295,2664.366,2622.524,2658.204,201589
1727222400000,2024-09-25 07:00:00,2658.163,2670.629,2649.566,2656.296,188423
1727308800000,2024-09-26 07:00:00,2656.359,2685.611,2654.717,2672.61,224110
1727395200000,2024-09-27 07:00:00,2672.667,2674.266,2642.994,2657.983,209700
1727568000000,2024-09-29 07:00:00,2661.714,2665.106,2659.762,2663.543,9856
1727654400000,2024-09-30 07:00:00,2663.58,2666.049,2624.679,2635.634,203114
1727740800000,2024-10-01 07:00:00,2635.659,2673.197,2633.911,2660.361,202513
1727827200000,2024-10-02 07:00:00,2660.39,2663.323,2641.038,2660.333,170958
1727913600000,2024-10-03 07:00:00,2660.299,2662.968,2637.964,2655.804,184491
1728000000000,2024-10-04 07:00:00,2655.8,2670.167,2632.03,2653.489,203785
1728172800000,2024-10-06 07:00:00,2651.575,2652.397,2649.672,2650.128,6844
1728259200000,2024-10-07 07:00:00,2650.109,2659.615,2637.728,2642.944,174142
1728345600000,2024-10-08 07:00:00,2642.962,2652.982,2604.686,2621.868,242108
1728432000000,2024-10-09 07:00:00,2621.868,2624.321,2605.116,2608.476,175301
1728518400000,2024-10-10 07:00:00,2608.438,2636.032,2602.26,2633.149,198218
1728604800000,2024-10-11 07:00:00,2633.161,2661.462,2631.952,2656.836,151714
1728777600000,2024-10-13 07:00:00,2650.086,2652.472,2646.866,2648.091,9835
1728864000000,2024-10-14 07:00:00,2648.131,2666.867,2643.075,2649.351,156175
1728950400000,2024-10-15 07:00:00,2649.419,2668.93,2637.975,2660.5,174808
1729036800000,2024-10-16 07:00:00,2660.498,2685.394,2658.722,2674.087,175676
1729123200000,2024-10-17 07:00:00,2674.122,2696.788,2673.143,2693.709,191684
1729209600000,2024-10-18 07:00:00,2693.67,2722.633,2692.764,2721.778,182400
1729382400000,2024-10-20 07:00:00,2723.092,2725.129,2720.186,2723.416,7424
1729468800000,2024-10-21 07:00:00,2723.457,2740.515,2714.181,2721.483,211253
1729555200000,2024-10-22 07:00:00,2721.478,2748.905,2720.633,2746.557,170670
1729641600000,2024-10-23 07:00:00,2746.587,2758.508,2708.604,2721.258,211379
1729728000000,2024-10-24 07:00:00,2721.219,2743.208,2717.761,2733.844,178570
1729814400000,2024-10-25 07:00:00,2733.885,2747.774,2716.958,2747.023,158966
1729987200000,2024-10-27 07:00:00,2733.443,2740.176,2730.34,2735.815,12800
1730073600000,2024-10-28 07:00:00,2735.783,2745.917,2724.671,2744.427,158968
1730160000000,2024-10-29 07:00:00,2744.379,2775.397,2743.267,2774.915,180654
1730246400000,2024-10-30 07:00:00,2774.943,2790.075,2770.83,2785.49,176162
1730332800000,2024-10-31 07:00:00,2785.489,2790.091,2731.515,2746.691,197670
1730419200000,2024-11-01 07:00:00,2746.672,2762.25,2733.113,2736.69,186639
1730592000000,2024-11-03 07:00:00,2732.846,2740.334,2732.581,2738.352,5463
1730678400000,2024-11-04 07:00:00,2738.379,2748.157,2731.72,2736.006,162195
1730764800000,2024-11-05 07:00:00,2736.046,2749.917,2724.694,2745.702,157505
1730851200000,2024-11-06 07:00:00,2745.684,2749.681,2652.335,2664.048,373396
1730937600000,2024-11-07 07:00:00,2664.035,2710.36,2643.208,2706.866,239743
1731024000000,2024-11-08 07:00:00,2706.87,2710.418,2680.286,2684.758,201073
1731196800000,2024-11-10 07:00:00,2683.161,2685.654,2681.526,2685.605,3703
1731283200000,2024-11-11 07:00:00,2685.638,2686.141,2610.53,2624.038,211006
1731369600000,2024-11-12 07:00:00,2624.032,2627.19,2589.633,2598.952,234197
1731456000000,2024-11-13 07:00:00,2599.01,2618.841,2569.214,2570.989,227050
1731542400000,2024-11-14 07:00:00,2571.012,2577.432,2536.747,2566.899,243444
1731628800000,2024-11-15 07:00:00,2566.888,2576.067,2554.392,2562.969,203264
1731801600000,2024-11-17 07:00:00,2568.027,2575.523,2568.027,2571.452,5722
1731888000000,2024-11-18 07:00:00,2571.424,2615.11,2569.866,2612.704,190926
1731974400000,2024-11-19 07:00:00,2612.731,2639.432,2611.045,2635.161,199855
1732060800000,2024-11-20 07:00:00,2635.163,2655.433,2618.839,2652.153,172959
1732147200000,2024-11-21 07:00:00,2652.202,2673.522,2650.358,2669.159,180009
1732233600000,2024-11-22 07:00:00,2669.127,2715.662,2668.844,2715.573,214545
1732406400000,2024-11-24 07:00:00,2711.186,2721.437,2710.748,2719.756,8475
1732492800000,2024-11-25 07:00:00,2719.719,2720.143,2605.119,2610.456,325199
1732579200000,2024-11-26 07:00:00,2610.484,2641.986,2608.477,2632.254,231885
1732665600000,2024-11-27 07:00:00,2632.249,2658.172,2627.017,2637.168,182571
1732752000000,2024-11-28 07:00:00,2637.123,2649.674,2620.844,2638.765,122288
1732838400000,2024-11-29 07:00:00,2638.73,2666.383,2633.969,2655.162,154545
1733011200000,2024-12-01 07:00:00,2649.036,2650.324,2643.057,2645.79,5628
1733097600000,2024-12-02 07:00:00,2645.826,2651.786,2621.818,2642.211,226673
1733184000000,2024-12-03 07:00:00,2642.217,2655.66,2634.033,2642.725,183338
1733270400000,2024-12-04 07:00:00,2642.733,2657.147,2632.33,2650.397,188406
1733356800000,2024-12-05 07:00:00,2650.404,2655.518,2623.444,2633.713,173696
1733443200000,2024-12-06 07:00:00,2633.721,2645.733,2612.931,2632.914,205124
1733616000000,2024-12-08 07:00:00,2642.99,2648.529,2636.316,2636.563,5499
1733702400000,2024-12-09 07:00:00,2647.828,2676.454,2634.553,2660.449,167445
1733788800000,2024-12-10 07:00:00,2660.486,2698.378,2657.958,2695.991,180924
1733875200000,2024-12-11 07:00:00,2695.93,2721.055,2675.502,2719.922,185398
1733961600000,2024-12-12 07:00:00,2719.985,2726.206,2675.078,2680.623,73761
1734048000000,2024-12-13 07:00:00,2680.617,2692.778,2646.046,2648.392,70325
1734220800000,2024-12-15 07:00:00,2649.414,2653.127,2648.804,2651.479,1932
1734307200000,2024-12-16 07:00:00,2651.484,2664.447,2643.493,2651.744,118443
1734393600000,2024-12-17 07:00:00,2651.762,2658.611,2632.991,2647.378,161419
1734480000000,2024-12-18 07:00:00,2647.365,2651.707,2583.297,2588.225,185378
1734566400000,2024-12-19 07:00:00,2588.256,2626.457,2586.951,2593.519,208818
1734652800000,2024-12-20 07:00:00,2593.496,2631.875,2589.593,2622.841,178811
1734825600000,2024-12-22 07:00:00,2623.329,2624.92,2621.74,2624.293,1854
1734912000000,2024-12-23 07:00:00,2624.398,2633.24,2608.078,2615.492,123975
1734998400000,2024-12-24 07:00:00,2615.546,2621.472,2610.019,2616.713,100994
1735084800000,2024-12-25 07:00:00,2615.621,2620.115,2615.371,2618.656,2412
1735171200000,2024-12-26 07:00:00,2618.647,2639.151,2618.615,2632.684,118177
1735257600000,2024-12-27 07:00:00,2632.689,2638.314,2611.608,2621.623,135718
1735430400000,2024-12-29 07:00:00,2621.977,2626.156,2621.632,2624.035,4007
1735516800000,2024-12-30 07:00:00,2624.08,2628.175,2596.042,2606.677,141455
1735603200000,2024-12-31 07:00:00,2606.717,2627.555,2602.591,2624.381,122398
1735689600000,2025-01-01 07:00:00,2625.179,2625.839,2621.641,2623.766,3110
1735776000000,2025-01-02 07:00:00,2623.798,2660.463,2622.72,2658.328,161379
1735862400000,2025-01-03 07:00:00,2658.371,2665.214,2636.644,2640.37,133681
1736035200000,2025-01-05 07:00:00,2639.644,2642.394,2639.644,2641.063,3245
1736121600000,2025-01-06 07:00:00,2641.098,2649.489,2614.426,2634.681,194936
1736208000000,2025-01-07 07:00:00,2634.634,2664.264,2632.918,2649.807,171055
1736294400000,2025-01-08 07:00:00,2649.817,2670.053,2645.229,2662.507,162646
1736380800000,2025-01-09 07:00:00,2662.526,2678.351,2655.471,2669.95,136103
1736467200000,2025-01-10 07:00:00,2669.978,2698.026,2663.991,2689.565,274129
1736640000000,2025-01-12 07:00:00,2689.769,2691.364,2687.574,2691.105,5113
1736726400000,2025-01-13 07:00:00,2691.128,2693.368,2656.768,2667.978,264045
1736812800000,2025-01-14 07:00:00,2668.013,2678.294,2659.802,2675.589,201897
1736899200000,2025-01-15 07:00:00,2675.58,2697.97,2669.384,2694.956,219477
1736985600000,2025-01-16 07:00:00,2694.984,2724.74,2689.907,2714.585,245432
1737072000000,2025-01-17 07:00:00,2714.618,2717.346,2699.242,2702.879,165290
1737244800000,2025-01-19 07:00:00,2702.629,2703.086,2691.547,2696.424,4792
1737331200000,2025-01-20 07:00:00,2696.424,2713.77,2689.397,2710.445,143212
1737417600000,2025-01-21 07:00:00,2710.433,2745.963,2702.817,2744.259,169521
1737504000000,2025-01-22 07:00:00,2744.309,2763.43,2742.713,2755.583,221300
1737590400000,2025-01-23 07:00:00,2755.562,2758.925,2735.77,2754.543,235289
1737676800000,2025-01-24 07:00:00,2754.546,2786.013,2754.329,2771.079,222354
1737849600000,2025-01-26 07:00:00,2765.65,2769.721,2765.185,2767.553,8222
1737936000000,2025-01-27 07:00:00,2767.554,2772.54,2730.478,2741.71,279895
1738022400000,2025-01-28 07:00:00,2741.743,2765.052,2734.782,2762.699,205355
1738108800000,2025-01-29 07:00:00,2762.698,2766.271,2744.759,2760.306,227042
1738195200000,2025-01-30 07:00:00,2760.243,2798.476,2758.683,2796.146,234906
1738281600000,2025-01-31 07:00:00,2796.183,2817.244,2791.0,2799.348,294845
1738454400000,2025-02-02 07:00:00,2801.018,2804.653,2784.322,2793.709,37028
1738540800000,2025-02-03 07:00:00,2793.726,2830.566,2772.154,2814.027,392699
1738627200000,2025-02-04 07:00:00,2813.989,2845.508,2807.168,2841.21,312244
1738713600000,2025-02-05 07:00:00,2841.222,2882.429,2839.691,2869.283,290509
1738800000000,2025-02-06 07:00:00,2869.276,2873.274,2834.055,2857.996,290033
1738886400000,2025-02-07 07:00:00,2857.99,2886.751,2852.361,2860.969,273533
1739059200000,2025-02-09 07:00:00,2861.376,2870.59,2860.099,2867.495,7947
1739145600000,2025-02-10 07:00:00,2867.539,2921.603,2865.822,2917.847,259701
1739232000000,2025-02-11 07:00:00,2917.894,2942.624,2881.73,2898.562,361681
1739318400000,2025-02-12 07:00:00,2898.614,2909.267,2864.102,2905.781,269914
1739404800000,2025-02-13 07:00:00,2905.756,2932.484,2901.437,2931.217,228222
1739491200000,2025-02-14 07:00:00,2931.192,2940.0,2876.991,2882.809,290578
1739664000000,2025-02-16 07:00:00,2893.643,2894.033,2878.43,2879.221,15880
1739750400000,2025-02-17 07:00:00,2879.254,2906.478,2879.254,2899.373,173999
1739836800000,2025-02-18 07:00:00,2899.325,2936.994,2892.003,2934.061,167363
1739923200000,2025-02-19 07:00:00,2934.059,2947.049,2918.524,2935.384,195817
1740009600000,2025-02-20 07:00:00,2935.386,2954.975,2924.08,2941.53,194328
1740096000000,2025-02-21 07:00:00,2941.57,2949.786,2916.682,2936.453,201039
1740268800000,2025-02-23 07:00:00,2939.411,2940.547,2936.498,2936.867,6067
1740355200000,2025-02-24 07:00:00,2936.863,2956.181,2921.332,2949.957,209981
1740441600000,2025-02-25 07:00:00,2949.993,2952.552,2888.234,2918.604,244830
1740528000000,2025-02-26 07:00:00,2918.631,2930.141,2890.669,2919.118,192668
1740614400000,2025-02-27 07:00:00,2919.176,2919.176,2867.74,2876.063,265941
1740700800000,2025-02-28 07:00:00,2876.069,2885.034,2832.578,2858.242,244753
1740873600000,2025-03-02 07:00:00,2873.619,2876.994,2863.972,2870.799,14064
1740960000000,2025-03-03 07:00:00,2870.866,2895.267,2858.83,2890.886,206012
1741046400000,2025-03-04 07:00:00,2890.863,2927.891,2881.95,2914.363,223191
1741132800000,2025-03-05 07:00:00,2914.361,2930.042,2894.266,2918.236,264920
1741219200000,2025-03-06 07:00:00,2918.237,2926.611,2891.159,2910.314,233217
1741305600000,2025-03-07 07:00:00,2910.245,2930.458,2896.604,2911.256,273092
1741478400000,2025-03-09 07:00:00,2912.347,2917.051,2909.586,2916.187,10324
1741564800000,2025-03-10 07:00:00,2916.19,2918.312,2880.166,2884.685,259977
1741651200000,2025-03-11 07:00:00,2884.724,2922.262,2880.093,2915.551,191249
1741737600000,2025-03-12 07:00:00,2915.589,2940.545,2906.027,2938.039,202214
1741824000000,2025-03-13 07:00:00,2938.025,2989.915,2932.92,2986.435,208297
1741910400000,2025-03-14 07:00:00,2986.473,3004.895,2978.421,2986.37,200378
1742083200000,2025-03-16 07:00:00,2987.601,2994.118,2986.054,2990.061,7888
1742169600000,2025-03-17 07:00:00,2990.03,3002.807,2982.158,2999.831,149638
1742256000000,2025-03-18 07:00:00,2999.803,3038.334,2999.49,3031.774,178521
1742342400000,2025-03-19 07:00:00,3031.801,3051.996,3022.744,3050.026,176952
1742428800000,2025-03-20 07:00:00,3050.023,3057.459,3025.626,3046.409,193487
1742515200000,2025-03-21 07:00:00,3046.335,3047.435,2999.385,3023.493,193681
1742688000000,2025-03-23 07:00:00,3023.441,3026.292,3022.143,3024.721,6794
1742774400000,2025-03-24 07:00:00,3024.709,3033.226,3002.465,3009.91,176602
1742860800000,2025-03-25 07:00:00,3009.945,3035.977,3007.545,3021.041,148207
1742947200000,2025-03-26 07:00:00,3021.037,3032.042,3012.325,3021.623,154253
1743033600000,2025-03-27 07:00:00,3021.563,3059.885,3021.522,3055.71,209288
1743120000000,2025-03-28 07:00:00,3055.726,3086.831,3054.993,3085.146,214062
1743292800000,2025-03-30 07:00:00,3092.531,3097.834,3087.793,3089.213,13285
1743379200000,2025-03-31 07:00:00,3089.159,3128.165,3076.79,3120.581,277024
1743465600000,2025-04-01 07:00:00,3120.569,3149.059,3100.761,3115.16,272758
1743552000000,2025-04-02 07:00:00,3115.126,3167.792,3104.795,3162.702,319983
1743638400000,2025-04-03 07:00:00,3162.555,3164.812,3054.052,3112.884,498608
1743724800000,2025-04-04 07:00:00,3112.908,3136.725,3015.556,3038.506,516890
1743897600000,2025-04-06 07:00:00,3028.686,3032.445,2977.024,2999.944,46552
1743984000000,2025-04-07 07:00:00,2999.954,3055.804,2956.302,2981.392,686139
1744070400000,2025-04-08 07:00:00,2981.366,3022.746,2969.978,2978.398,333402
1744156800000,2025-04-09 07:00:00,2978.425,3099.665,2972.457,3086.784,458261
1744243200000,2025-04-10 07:00:00,3086.745,3191.341,3078.448,3188.972,359077
1744329600000,2025-04-11 07:00:00,3188.993,3245.436,3184.855,3237.519,383249
1744502400000,2025-04-13 07:00:00,3220.46,3224.747,3213.589,3223.805,19791
1744588800000,2025-04-14 07:00:00,3223.699,3245.757,3193.552,3212.598,266330
1744675200000,2025-04-15 07:00:00,3212.634,3251.826,3209.977,3251.78,184928
1744761600000,2025-04-16 07:00:00,3251.804,3357.758,3251.59,3350.133,295481
1744848000000,2025-04-17 07:00:00,3350.168,3356.281,3283.822,3327.671,308538
1745107200000,2025-04-20 07:00:00,3331.849,3353.153,3331.288,3348.078,23651
1745193600000,2025-04-21 07:00:00,3348.157,3444.267,3347.487,3434.548,296269
1745280000000,2025-04-22 07:00:00,3434.524,3500.033,3315.828,3336.561,546991
1745366400000,2025-04-23 07:00:00,3336.607,3386.646,3260.042,3316.384,494281
1745452800000,2025-04-24 07:00:00,3316.351,3370.789,3306.739,3348.976,350378
1745539200000,2025-04-25 07:00:00,3348.951,3363.132,3265.072,3318.726,320817
1745712000000,2025-04-27 07:00:00,3325.64,3330.256,3298.606,3302.739,25730
1745798400000,2025-04-28 07:00:00,3302.791,3353.021,3268.102,3337.61,306459
1745884800000,2025-04-29 07:00:00,3337.643,3340.039,3299.649,3317.122,257835
1745971200000,2025-04-30 07:00:00,3317.122,3327.971,3266.901,3272.887,298167
1746057600000,2025-05-01 07:00:00,3272.922,3276.314,3201.862,3237.253,319212
1746144000000,2025-05-02 07:00:00,3237.291,3269.242,3222.721,3240.947,280782
1746316800000,2025-05-04 07:00:00,3238.49,3252.3,3237.49,3247.922,17299
1746403200000,2025-05-05 07:00:00,3247.993,3338.052,3241.18,3334.031,263419
1746489600000,2025-05-06 07:00:00,3334.038,3435.016,3323.139,3400.723,376049
1746576000000,2025-05-07 07:00:00,3400.765,3401.666,3360.068,3376.488,357268
1746662400000,2025-05-08 07:00:00,3376.515,3414.851,3288.697,3316.412,386918
1746748800000,2025-05-09 07:00:00,3316.448,3347.556,3274.664,3326.805,270431
1746921600000,2025-05-11 07:00:00,3282.238,3292.619,3265.847,3287.534,32376
1747008000000,2025-05-12 07:00:00,3287.506,3289.998,3207.693,3236.88,398576
1747094400000,2025-05-13 07:00:00,3236.906,3265.659,3215.861,3254.426,263116
1747180800000,2025-05-14 07:00:00,3254.388,3254.658,3167.957,3186.008,312330
1747267200000,2025-05-15 07:00:00,3185.934,3252.132,3120.649,3237.15,310919
1747353600000,2025-05-16 07:00:00,3237.175,3244.615,3154.231,3202.159,313144
1747526400000,2025-05-18 07:00:00,3214.226,3245.26,3211.644,3234.91,28708
1747612800000,2025-05-19 07:00:00,3234.947,3249.812,3206.584,3222.532,267228
1747699200000,2025-05-20 07:00:00,3222.561,3304.144,3204.535,3290.695,274972
1747785600000,2025-05-21 07:00:00,3290.734,3324.897,3285.42,3320.082,284531
1747872000000,2025-05-22 07:00:00,3320.138,3345.43,3279.252,3300.146,302747
1747958400000,2025-05-23 07:00:00,3300.172,3365.93,3286.942,3356.285,303286
1748131200000,2025-05-25 07:00:00,3352.093,3352.48,3341.349,3342.691,22907
1748217600000,2025-05-26 07:00:00,3342.73,3356.859,3323.485,3346.139,165358
1748304000000,2025-05-27 07:00:00,3346.182,3350.029,3285.089,3309.402,249589
1748390400000,2025-05-28 07:00:00,3309.431,3325.551,3250.268,3259.895,245337
1748476800000,2025-05-29 07:00:00,3259.91,3331.253,3245.432,3315.503,268471
1748563200000,2025-05-30 07:00:00,3315.498,3322.777,3271.526,3289.665,264865
1748736000000,2025-06-01 07:00:00,3303.113,3316.742,3299.873,3310.255,17010
1748822400000,2025-06-02 07:00:00,3310.213,3392.238,3301.409,3387.384,234629
1748908800000,2025-06-03 07:00:00,3387.377,3388.671,3333.103,3359.934,224845
1748995200000,2025-06-04 07:00:00,3359.989,3384.637,3343.749,3378.042,218055
1749081600000,2025-06-05 07:00:00,3378.099,3403.592,3339.37,3361.81,319272
1749168000000,2025-06-06 07:00:00,3361.867,3375.685,3307.053,3311.702,266655
1749340800000,2025-06-08 07:00:00,3317.819,3321.214,3309.229,3318.038,14563
1749427200000,2025-06-09 07:00:00,3318.082,3338.216,3293.453,3326.766,200239
1749513600000,2025-06-10 07:00:00,3326.809,3349.153,3301.933,3327.862,228656
1749600000000,2025-06-11 07:00:00,3327.899,3373.534,3319.194,3365.376,271560
1749686400000,2025-06-12 07:00:00,3365.472,3399.045,3338.57,3395.763,280152
1749772800000,2025-06-13 07:00:00,3395.723,3446.755,3391.719,3433.521,341587
1749945600000,2025-06-15 07:00:00,3440.955,3451.259,3438.604,3444.141,24944
1750032000000,2025-06-16 07:00:00,3444.166,3451.252,3382.725,3402.769,275939
1750118400000,2025-06-17 07:00:00,3402.815,3403.289,3366.079,3387.386,267354
1750204800000,2025-06-18 07:00:00,3387.295,3399.992,3362.474,3375.023,245532
1750291200000,2025-06-19 07:00:00,3375.042,3387.896,3347.474,3368.739,184705
1750377600000,2025-06-20 07:00:00,3368.763,3374.477,3340.345,3368.618,185577
1750550400000,2025-06-22 07:00:00,3384.117,3388.912,3371.173,3372.755,26389
1750636800000,2025-06-23 07:00:00,3372.776,3393.506,3341.446,3344.313,255042
1750723200000,2025-06-24 07:00:00,3344.368,3357.912,3295.339,3324.139,256092
1750809600000,2025-06-25 07:00:00,3324.087,3340.158,3311.894,3339.028,169122
1750896000000,2025-06-26 07:00:00,3338.987,3350.37,3309.946,3318.758,197644
1750982400000,2025-06-27 07:00:00,3318.731,3322.012,3255.836,3274.598,241753
1751155200000,2025-06-29 07:00:00,3272.488,3274.234,3247.921,3263.794,27935
1751241600000,2025-06-30 07:00:00,3263.746,3314.577,3259.445,3312.441,185051
1751328000000,2025-07-01 07:00:00,3312.446,3358.015,3309.917,3338.152,187625
1751414400000,2025-07-02 07:00:00,3338.186,3365.752,3327.587,3349.395,176193
1751500800000,2025-07-03 07:00:00,3349.441,3363.677,3311.535,3330.871,180188
1751587200000,2025-07-04 07:00:00,3330.875,3345.127,3325.868,3335.07,97063
1751760000000,2025-07-06 07:00:00,3341.408,3341.911,3326.187,3328.853,12017
1751846400000,2025-07-07 07:00:00,3328.83,3345.852,3296.296,3334.653,206293
1751932800000,2025-07-08 07:00:00,3334.696,3339.5,3287.059,3302.277,195916
1752019200000,2025-07-09 07:00:00,3302.384,3321.104,3282.626,3317.661,179098
1752105600000,2025-07-10 07:00:00,3317.559,3330.318,3310.017,3323.808,159145
1752192000000,2025-07-11 07:00:00,3323.764,3368.753,3323.621,3355.105,187108
1752364800000,2025-07-13 07:00:00,3361.295,3374.017,3359.658,3367.772,17941
1752451200000,2025-07-14 07:00:00,3367.731,3375.078,3340.993,3345.337,170379
1752537600000,2025-07-15 07:00:00,3345.299,3366.319,3320.218,3331.056,177227
1752624000000,2025-07-16 07:00:00,3331.092,3377.55,3319.529,3346.526,266872
1752710400000,2025-07-17 07:00:00,3346.556,3347.405,3309.883,3340.214,165381
1752796800000,2025-07-18 07:00:00,3340.164,3361.212,3331.777,3350.395,137782
1752969600000,2025-07-20 07:00:00,3348.767,3350.115,3344.965,3349.11,7793
1753056000000,2025-07-21 07:00:00,3349.168,3402.783,3347.696,3396.532,159370
1753142400000,2025-07-22 07:00:00,3396.54,3433.507,3383.24,3427.458,182329
1753228800000,2025-07-23 07:00:00,3427.433,3438.921,3381.375,3390.008,207810
1753315200000,2025-07-24 07:00:00,3390.047,3393.438,3351.315,3369.422,177330
1753401600000,2025-07-25 07:00:00,3369.512,3373.554,3324.928,3336.869,151352
1753574400000,2025-07-27 07:00:00,3329.144,3337.465,3323.792,3333.683,15964
1753660800000,2025-07-28 07:00:00,3333.675,3345.352,3301.788,3312.468,175756
1753747200000,2025-07-29 07:00:00,3312.485,3334.103,3307.843,3327.55,172398
1753833600000,2025-07-30 07:00:00,3327.527,3334.052,3268.034,3285.303,217945
1753920000000,2025-07-31 07:00:00,3285.257,3314.812,3282.802,3288.651,190547
1754006400000,2025-08-01 07:00:00,3288.607,3363.566,3281.59,3363.119,223592
1754179200000,2025-08-03 07:00:00,3364.339,3364.521,3354.575,3361.957,12424
1754265600000,2025-08-04 07:00:00,3361.99,3385.408,3345.006,3377.407,153484
1754352000000,2025-08-05 07:00:00,3377.383,3390.452,3349.803,3383.186,149375
1754438400000,2025-08-06 07:00:00,3383.193,3385.34,3358.091,3370.155,145053
1754524800000,2025-08-07 07:00:00,3370.205,3409.019,3365.192,3400.47,258393
1754611200000,2025-08-08 07:00:00,3400.432,3404.295,3376.445,3398.564,358076
1754784000000,2025-08-10 07:00:00,3400.578,3401.819,3390.292,3391.548,14080
1754870400000,2025-08-11 07:00:00,3391.592,3391.639,3341.273,3349.027,216608
1754956800000,2025-08-12 07:00:00,3349.01,3359.21,3331.08,3350.57,207099
1755043200000,2025-08-13 07:00:00,3350.58,3370.78,3342.678,3362.702,143514
1755129600000,2025-08-14 07:00:00,3362.723,3374.839,3329.838,3335.551,190989
1755216000000,2025-08-15 07:00:00,3335.58,3348.73,3332.372,3335.213,138205
1755388800000,2025-08-17 07:00:00,3334.569,3335.381,3323.503,3327.094,10024
1755475200000,2025-08-18 07:00:00,3327.08,3358.418,3326.727,3330.978,131824
1755561600000,2025-08-19 07:00:00,3330.99,3345.328,3312.771,3314.231,143260
1755648000000,2025-08-20 07:00:00,3314.241,3352.092,3311.476,3346.836,133595
1755734400000,2025-08-21 07:00:00,3346.906,3348.112,3325.126,3338.411,134445
1755820800000,2025-08-22 07:00:00,3338.367,3378.869,3321.442,3372.299,158519
1755993600000,2025-08-24 07:00:00,3368.744,3371.052,3365.848,3369.08,7184
1756080000000,2025-08-25 07:00:00,3369.041,3376.306,3351.683,3354.827,109818
1756166400000,2025-08-26 07:00:00,3354.878,3393.583,3351.238,3390.862,163281
1756252800000,2025-08-27 07:00:00,3390.853,3399.502,3373.698,3395.819,132700
1756339200000,2025-08-28 07:00:00,3395.749,3423.212,3384.637,3414.819,139600
1756425600000,2025-08-29 07:00:00,3414.85,3453.924,3404.309,3448.035,138281
1756598400000,2025-08-31 07:00:00,3445.866,3452.606,3442.459,3447.952,9790
1756684800000,2025-09-01 07:00:00,3447.912,3489.928,3437.028,3479.211,164839
1756771200000,2025-09-02 07:00:00,3479.183,3540.122,3470.218,3529.984,247317
1756857600000,2025-09-03 07:00:00,3530.01,3578.427,3526.806,3560.292,236448
1756944000000,2025-09-04 07:00:00,3560.341,3563.473,3511.172,3552.55,234050
1757030400000,2025-09-05 07:00:00,3552.532,3600.076,3544.721,3586.597,237984
1757203200000,2025-09-07 07:00:00,3591.856,3596.716,3587.112,3591.196,23698
1757289600000,2025-09-08 07:00:00,3591.11,3646.316,3579.577,3634.992,216214
1757376000000,2025-09-09 07:00:00,3635.023,3674.544,3623.12,3633.568,271269
1757462400000,2025-09-10 07:00:00,3633.543,3657.577,3620.18,3644.915,198188
1757548800000,2025-09-11 07:00:00,3644.874,3649.102,3613.082,3631.842,208967
1757635200000,2025-09-12 07:00:00,3631.81,3656.62,3630.518,3643.484,160762
1757808000000,2025-09-14 07:00:00,3644.61,3645.996,3636.772,3638.241,7109
1757894400000,2025-09-15 07:00:00,3638.237,3685.623,3626.541,3676.977,172848
1757980800000,2025-09-16 07:00:00,3676.886,3703.088,3674.718,3694.245,180979
1758067200000,2025-09-17 07:00:00,3694.244,3707.49,3646.097,3669.169,284937
1758153600000,2025-09-18 07:00:00,3669.131,3673.021,3627.744,3640.239,243917
1758240000000,2025-09-19 07:00:00,3640.242,3685.203,3632.203,3684.861,190293
1758412800000,2025-09-21 07:00:00,3687.969,3692.29,3683.776,3686.253,12063
1758499200000,2025-09-22 07:00:00,3686.263,3749.254,3685.466,3747.763,222235
1758585600000,2025-09-23 07:00:00,3747.797,3791.084,3736.722,3763.836,279342
1758672000000,2025-09-24 07:00:00,3763.822,3779.257,3717.427,3742.92,233210
1758758400000,2025-09-25 07:00:00,3742.99,3761.648,3721.931,3744.717,284667
1758844800000,2025-09-26 07:00:00,3744.676,3783.85,3734.464,3761.041,235570
1759017600000,2025-09-28 07:00:00,3764.718,3772.495,3763.347,3766.899,12975
1759104000000,2025-09-29 07:00:00,3766.858,3834.0,3763.935,3832.835,318483
1759190400000,2025-09-30 07:00:00,3832.89,3871.7,3793.113,3862.927,358150
1759276800000,2025-10-01 07:00:00,3862.94,3895.356,3853.334,3863.518,322967
1759363200000,2025-10-02 07:00:00,3863.475,3897.154,3819.335,3862.41,314720
1759449600000,2025-10-03 07:00:00,3862.365,3891.617,3837.995,3887.045,266829
1759622400000,2025-10-05 07:00:00,3888.624,3920.986,3884.034,3909.45,35204
1759708800000,2025-10-06 07:00:00,3909.487,3976.198,3898.937,3969.514,378202
1759795200000,2025-10-07 07:00:00,3969.556,3995.936,3940.82,3994.411,347944
1759881600000,2025-10-08 07:00:00,3994.367,4059.321,3984.478,4011.688,368268
1759968000000,2025-10-09 07:00:00,4011.706,4057.972,3944.571,3989.932,550178
1760054400000,2025-10-10 07:00:00,3989.927,4022.807,3946.91,4010.399,524937
1760227200000,2025-10-12 07:00:00,4014.463,4060.232,4008.645,4035.147,49673
1760313600000,2025-10-13 07:00:00,4035.195,4132.068,4024.3,4128.045,408635
1760400000000,2025-10-14 07:00:00,4128.091,4179.744,4090.542,4161.613,643099
1760486400000,2025-10-15 07:00:00,4161.574000000001,4218.249,4153.849,4209.458000000001,458155
1760572800000,2025-10-16 07:00:00,4209.491,4380.074000000001,4203.508,4365.805,520698
1760659200000,2025-10-17 07:00:00,4365.763,4378.578,4186.194,4250.936,983031
1760832000000,2025-10-19 07:00:00,4264.629,4268.301,4233.246,4237.893,40967
1760918400000,2025-10-20 07:00:00,4237.839,4381.617,4218.931,4360.378,587998
1761004800000,2025-10-21 07:00:00,4360.442,4372.296,4080.817,4093.165,905673
1761091200000,2025-10-22 07:00:00,4093.182,4161.36,4004.185,4087.666,1005240
1761177600000,2025-10-23 07:00:00,4087.709,4154.67,4065.957,4121.775,534481
1761264000000,2025-10-24 07:00:00,4121.8,4144.291,4043.978,4113.082,509789
1761436800000,2025-10-26 07:00:00,4083.572,4109.217,4061.912,4064.458,50147
1761523200000,2025-10-27 07:00:00,4064.532,4097.81,3971.348,3998.476,569774
1761609600000,2025-10-28 07:00:00,3998.379,4019.767,3886.535,3964.818,558931
1761696000000,2025-10-29 07:00:00,4025.344,4030.268,3917.163,3952.812,341879
1761782400000,2025-10-30 07:00:00,3952.798,4046.422,3915.339,4036.658,538382
1761868800000,2025-10-31 07:00:00,4036.633,4039.294,3972.406,4001.621,446788
1762041600000,2025-11-02 07:00:00,3990.719,3998.97,3977.946,3980.306,17455
1762128000000,2025-11-03 07:00:00,3980.254,4030.646,3962.306,3997.266,412380
1762214400000,2025-11-04 07:00:00,3997.301,4000.711,3928.81,3934.767,415236
1762300800000,2025-11-05 07:00:00,3934.793,3990.543,3929.598,3973.671,312500
1762387200000,2025-11-06 07:00:00,3973.63,4019.609,3964.543,3989.177,302900
1762473600000,2025-11-07 07:00:00,3989.218,4027.628,3984.058,4001.422,298978
1762646400000,2025-11-09 07:00:00,4004.876,4012.265,4004.042,4011.86,11860
1762732800000,2025-11-10 07:00:00,4011.87,4122.665,4011.132,4119.924,319874
1762819200000,2025-11-11 07:00:00,4119.992,4148.862,4097.107,4142.683,304667
1762905600000,2025-11-12 07:00:00,4142.574000000001,4211.822,4098.895,4191.097,399308
1762992000000,2025-11-13 07:00:00,4191.055,4245.332,4145.366,4185.865,500861
1763078400000,2025-11-14 07:00:00,4185.908,4211.571,4032.194,4084.609,569107
1763251200000,2025-11-16 07:00:00,4083.755,4106.784,4071.875,4096.457,22957
1763337600000,2025-11-17 07:00:00,4096.528,4102.076,4006.827,4036.825,495599
1763424000000,2025-11-18 07:00:00,4036.862,4082.273,3998.037,4076.65,476348
1763510400000,2025-11-19 07:00:00,4076.692,4132.686,4055.572,4104.662,494563
1763596800000,2025-11-20 07:00:00,4104.692,4110.341,4038.705,4079.125,600917
1763683200000,2025-11-21 07:00:00,4079.174,4101.312,4022.258,4066.113,546913
1763856000000,2025-11-23 07:00:00,4072.469,4077.701,4065.809,4075.117,14617
1763942400000,2025-11-24 07:00:00,4075.148,4144.405,4039.842,4143.81,375894
1764028800000,2025-11-25 07:00:00,4143.802,4159.448,4109.156,4133.73,427640
1764115200000,2025-11-26 07:00:00,4133.737,4173.595,4132.595,4165.012,342998
1764201600000,2025-11-27 07:00:00,4164.965,4167.313,4142.601,4163.431,207472
1764288000000,2025-11-28 07:00:00,4163.371,4226.479,4147.529,4219.163,233183
1764460800000,2025-11-30 07:00:00,4219.823,4225.308,4205.841,4221.933,15725
1764547200000,2025-12-01 07:00:00,4221.906,4264.532,4215.434,4227.7,428128
1764633600000,2025-12-02 07:00:00,4227.704,4230.859,4163.566,4212.876,427936
1764720000000,2025-12-03 07:00:00,4212.913,4241.579,4194.48,4207.165,388024
1764806400000,2025-12-04 07:00:00,4207.102,4219.486,4174.834,4206.079,353761
1764892800000,2025-12-05 07:00:00,4206.077,4259.24,4191.863,4198.522,356504
1765065600000,2025-12-07 07:00:00,4202.426,4208.458000000001,4189.804,4201.389,2191
1765152000000,2025-12-08 07:00:00,4201.433,4218.963,4176.137,4194.735,267284
1765238400000,2025-12-09 07:00:00,4194.74,4221.526,4170.097,4210.87,334733
1765324800000,2025-12-10 07:00:00,4210.815000000001,4238.679,4181.686,4232.419,369185
1765411200000,2025-12-11 07:00:00,4232.502,4285.959,4204.316,4276.523,583740
1765497600000,2025-12-12 07:00:00,4276.471,4353.57,4256.958000000001,4300.983,506466
1765670400000,2025-12-14 07:00:00,4300.525,4308.446,4299.862,4302.391000000001,9941
1765756800000,2025-12-15 07:00:00,4302.431,4350.352,4285.18,4304.15,360253
1765843200000,2025-12-16 07:00:00,4304.132000000001,4335.137,4271.599,4307.86,394590
1765929600000,2025-12-17 07:00:00,4307.905,4349.297,4306.453,4339.201,389825
1766016000000,2025-12-18 07:00:00,4339.15,4374.645,4308.654,4335.144,415639
1766102400000,2025-12-19 07:00:00,4335.17,4356.559,4309.221,4339.365,309477
1766275200000,2025-12-21 07:00:00,4340.979,4356.441,4339.944,4355.345,8013
1766361600000,2025-12-22 07:00:00,4355.278,4461.775000000001,4355.278,4460.243,302163
1766448000000,2025-12-23 07:00:00,4460.236,4510.399,4430.559,4503.344,369942
1766534400000,2025-12-24 07:00:00,4503.359,4525.966,4448.294,4480.715,347696
1766620800000,2025-12-25 07:00:00,4486.193,4500.024,4484.441,4495.245,9561
1766707200000,2025-12-26 07:00:00,4495.172,4550.181,4492.303,4532.515,414951
1766880000000,2025-12-28 07:00:00,4546.214,4548.5,4523.347,4527.184,25306
1766966400000,2025-12-29 07:00:00,4527.21,4528.031,4302.137,4345.645,686260
1767052800000,2025-12-30 07:00:00,4345.585,4404.262,4324.41,4338.922,465272
1767139200000,2025-12-31 07:00:00,4338.977,4373.45,4274.358,4318.847,442993
1767225600000,2026-01-01 07:00:00,4328.34,4351.506,4327.673,4348.349,8165
1767312000000,2026-01-02 07:00:00,4348.358,4402.465,4309.669,4331.759,382870
1767484800000,2026-01-04 07:00:00,4353.486,4375.927,4349.834,4372.57,15671
1767571200000,2026-01-05 07:00:00,4372.597,4460.29,4370.227,4440.334,451380
1767657600000,2026-01-06 07:00:00,4440.426,4500.541,4427.675,4493.223,379977
1767744000000,2026-01-07 07:00:00,4493.308,4495.931,4423.539,4463.418,435288
1767830400000,2026-01-08 07:00:00,4463.439,4484.203,4407.557,4475.597,419372
1767916800000,2026-01-09 07:00:00,4475.632000000001,4517.18,4452.819,4509.075,374013
1768089600000,2026-01-11 07:00:00,4517.918,4545.01,4517.918,4539.96,13259
1768176000000,2026-01-12 07:00:00,4540.027,4630.183,4536.272,4599.371,486826
1768262400000,2026-01-13 07:00:00,4599.408,4634.798,4569.234,4597.136,419134
1768348800000,2026-01-14 07:00:00,4597.181,4643.164,4597.115,4615.294,458031
1768435200000,2026-01-15 07:00:00,4615.256,4624.902,4580.995,4610.284,442161
1768521600000,2026-01-16 07:00:00,4610.243,4620.563,4536.729,4596.588,437589
1768694400000,2026-01-18 07:00:00,4655.358,4690.7,4653.824000000001,4672.573,25474
1768780800000,2026-01-19 07:00:00,4672.63,4682.114,4653.138,4665.406,260212
1768867200000,2026-01-20 07:00:00,4665.371,4781.083000000001,4659.485,4775.878,447867
1768953600000,2026-01-21 07:00:00,4775.829,4888.495,4755.85,4778.381,728768
1769040000000,2026-01-22 07:00:00,4778.317,4960.587,4772.208000000001,4958.972,460592
1769126400000,2026-01-23 07:00:00,4959.011,4989.804,4899.542,4988.337,466899
1769299200000,2026-01-25 07:00:00,5019.847,5040.296,5003.575,5039.789,30606
1769385600000,2026-01-26 07:00:00,5039.821,5111.144,4989.632000000001,5043.629,847273
1769472000000,2026-01-27 07:00:00,5043.588,5190.49,5013.485,5172.433,767364
1769558400000,2026-01-28 07:00:00,5172.389,5570.018,5157.059,5513.022,1049799
1769644800000,2026-01-29 07:00:00,5512.989,5595.349,5094.978,5438.589,1284190
1769731200000,2026-01-30 07:00:00,5438.551,5450.946,4682.526,4891.496,2315742
1769904000000,2026-02-01 07:00:00,4793.519,4819.788,4697.912,4741.422,41099
1769990400000,2026-02-02 07:00:00,4741.564,4884.89,4401.961,4774.148,1426559
1770076800000,2026-02-03 07:00:00,4774.235,4993.649,4745.469,4947.236,746335
1770163200000,2026-02-04 07:00:00,4947.389,5091.855,4852.203,5012.195,564820
1770249600000,2026-02-05 07:00:00,5012.269,5020.51,4703.357,4703.768,824011
1770336000000,2026-02-06 07:00:00,4703.682,4971.478,4655.17,4968.145,470869
1770508800000,2026-02-08 07:00:00,4967.633,5046.837,4964.697,5035.944,13817
1770595200000,2026-02-09 07:00:00,5036.019,5086.697,4968.921,5031.903,310666
1770681600000,2026-02-10 07:00:00,5031.829,5078.663,4998.72,5041.55,294105
1770768000000,2026-02-11 07:00:00,5041.616,5119.259,5018.862,5061.397,283979
1770854400000,2026-02-12 07:00:00,5061.305,5083.763,4878.366,4920.302,389711
1770940800000,2026-02-13 07:00:00,4920.055,5046.101,4913.75,5042.605,296617
1771113600000,2026-02-15 07:00:00,5026.64,5032.237,5010.128,5019.914,9983
1771200000000,2026-02-16 07:00:00,5019.874,5031.48,4964.573,4989.986,144411
1771286400000,2026-02-17 07:00:00,4989.899,4991.592000000001,4841.149,4859.523,318710
1771372800000,2026-02-18 07:00:00,4859.221,5010.974,4858.455,4976.255,190457
1771459200000,2026-02-19 07:00:00,4976.014,5022.327,4960.446,4987.7,184554
1771545600000,2026-02-20 07:00:00,4987.764,5108.033,4981.699000000001,5105.809,253650
1771718400000,2026-02-22 07:00:00,5111.637,5171.868,5108.785,5165.373000000001,10773
1771804800000,2026-02-23 07:00:00,5165.366,5249.439,5122.192,5235.933,232424
1771891200000,2026-02-24 07:00:00,5235.839,5238.056,5093.319,5146.578,264878
1771977600000,2026-02-25 07:00:00,5146.576,5217.614,5136.491,5163.125,208565
1772064000000,2026-02-26 07:00:00,5163.219,5205.379,5130.47,5184.462,236126
1772150400000,2026-02-27 07:00:00,5184.431,5281.253,5166.688,5279.022,219287
1772323200000,2026-03-01 07:00:00,5319.272,5393.371,5314.681,5386.916,16176
1772409600000,2026-03-02 07:00:00,5386.641000000001,5419.057,5260.224,5345.688,413078
1772496000000,2026-03-03 07:00:00,5345.693,5379.802,4995.929,5125.056,663992
1772582400000,2026-03-04 07:00:00,5125.116,5205.974,5105.702,5164.962,391464
1772668800000,2026-03-05 07:00:00,5164.887,5194.986,5050.681,5086.266000000001,341121
1772755200000,2026-03-06 07:00:00,5086.068,5176.565000000001,5062.475,5174.067,291823
